<metadata>
  <idinfo>
    <citation>
      <citeinfo>
        <title>Prioritized_Anad_Penobscot</title>
        <geoform>vector digital data</geoform>
      </citeinfo>
    </citation>
    <descript>
      <abstract>This layer represents in-stream barriers to the movement of aquatic organisms, in the Penobscot River basin, Maine. It includes dams and road-stream crossings which have been identified as barriers or potential barriers. Barriers were aligned to a modified version (single-flowline dendrite with bifurcations removed) of the High Resolution NHD (1:24,000) .For each barrier, a suite of metrics were calculated in a GIS to describe the potential ecological gain that could be realized by removing or improving fish passage at the barrier. The metrics form the foundation for the development of tiered priorities for diadromous fish and brook trout. Specifically, metrics were selected and weighted by The Nature Conservancy with input from a multi-stakeholder workgroup and used in a weighted ranking prioritization. These results are intended to help restoration managers identify potential projects and assess opportunitites in light of consensus priorities. They are based on the best available information at the watershed scale and do not incorporate site-specific, local scale knowledge. Further, they do not incorporate information on important social, economic, or feasibility factors which could significantly impact the viability of a given barrier removal/upgrade project. Thus, they are intended to be used as screening-level information and should be supplemented with site-scale knowledge before any action is taken.</abstract>
      <purpose>This layer represents in-stream barriers to the movement of aquatic organisms, in the Penobscot River basin, Maine. It includes dams and road-stream crossings which have been identified as barriers or potential barriers.</purpose>
    </descript>
    <spdom>
      <bounding>
        <westbc>-70.368647</westbc>
        <eastbc>-67.733508</eastbc>
        <northbc>46.325467</northbc>
        <southbc>44.085506</southbc>
      </bounding>
    </spdom>
    <keywords>
      <theme>
        <themekt>None</themekt>
        <themekey>Dams</themekey>
        <themekey>crossings</themekey>
        <themekey>aquatic connectivity</themekey>
        <themekey>diadromous fish</themekey>
        <themekey>brook trout</themekey>
        <themekey>Penobscot</themekey>
        <themekey>Maine</themekey>
      </theme>
    </keywords>
    <accconst>None</accconst>
    <useconst>The Nature Conservancy (TNC) created this data set from the manipulation, analysis, and/or synthesis of publicly available data sources. Commercial use of this data set is prohibited. The Nature Conservancy reserves all rights in data provided. All data are provided as is. This is not a survey quality dataset. The Nature Conservancy makes no warranty as to the currency, completeness, accuracy or utility of any specific data. This disclaimer applies both to individual use of the data and aggregate use with other data. It is strongly recommended that careful attention be paid to the contents of the metadata file associated with these data.</useconst>
    <datacred>Dam data were originally obtained from the Maine Office of GIS (http://www.maine.gov/megis/catalog/).  Road-stream crossing data were obatined from field surveys of crossings condutced through a partnership between multiple agencies and organizations include The Nature Conservancy, U.S. Fish and Wildlife, Maine Department of Inland Fish and Wildlife, and Maine Audubon.  </datacred>
    <native>Microsoft Windows 7 Version 6.1 (Build 7601) Service Pack 1; Esri ArcGIS 10.3.1.4959</native>
  </idinfo>
  <spdoinfo>
    <direct>Vector</direct>
    <ptvctinf>
      <sdtsterm>
        <sdtstype>Entity point</sdtstype>
        <ptvctcnt>2178</ptvctcnt>
      </sdtsterm>
    </ptvctinf>
  </spdoinfo>
  <spref>
    <horizsys>
      <planar>
        <mapproj>
          <mapprojn>WGS 1984 Web Mercator Auxiliary Sphere</mapprojn>
          <mapprojp>
            <otherprj>PROJCS["WGS_1984_Web_Mercator_Auxiliary_Sphere",GEOGCS["GCS_WGS_1984",DATUM["D_WGS_1984",SPHEROID["WGS_1984",6378137.0,298.257223563]],PRIMEM["Greenwich",0.0],UNIT["Degree",0.0174532925199433]],PROJECTION["Mercator_Auxiliary_Sphere"],PARAMETER["False_Easting",0.0],PARAMETER["False_Northing",0.0],PARAMETER["Central_Meridian",0.0],PARAMETER["Standard_Parallel_1",0.0],PARAMETER["Auxiliary_Sphere_Type",0.0],UNIT["Meter",1.0],AUTHORITY["EPSG",3857]]</otherprj>
          </mapprojp>
        </mapproj>
        <planci>
          <plance>coordinate pair</plance>
          <coordrep>
            <absres>0.00009999998353717592</absres>
            <ordres>0.00009999998353717592</ordres>
          </coordrep>
          <plandu>meter</plandu>
        </planci>
      </planar>
      <geodetic>
        <horizdn>D WGS 1984</horizdn>
        <ellips>WGS 1984</ellips>
        <semiaxis>6378137.0</semiaxis>
        <denflat>298.257223563</denflat>
      </geodetic>
    </horizsys>
  </spref>
  <eainfo>
    <detailed>
      <enttyp>
        <enttypl>Prioritized_Anad_Penobscot</enttypl>
      </enttyp>
      <attr>
        <attrlabl>OBJECTID</attrlabl>
        <attrdef>Internal feature number.</attrdef>
        <attrdefs>Esri</attrdefs>
        <attrdomv>
          <udom>Sequential unique whole numbers that are automatically generated.</udom>
        </attrdomv>
      </attr>
      <attr>
        <attrlabl>Shape</attrlabl>
        <attrdef>Feature geometry.</attrdef>
        <attrdefs>Esri</attrdefs>
        <attrdomv>
          <udom>Coordinates defining the features.</udom>
        </attrdomv>
      </attr>
      <attr>
        <attrlabl>Type</attrlabl>
		<attrdef>Type of barrier, dam or road-stream crossing</attrdef>
      </attr>
      <attr>
        <attrlabl>Use</attrlabl>
        <attrdef>Flag indicates whether a barrier is included in the analysis.</attrdef>
        <attrdomv>
          <edom>
            <edomv>0</edomv>
            <edomvd>Barrier Not Included</edomvd>
          </edom>
          <edom>
            <edomv>1</edomv>
            <edomvd>Barrier Included</edomvd>
          </edom>
        </attrdomv>
      </attr>
      <attr>
        <attrlabl>Passability</attrlabl>
		<attrdef>A numerical score from 0-1 that indicates how passable a barrier is likely to be, where 0=complete barrier and 1=fully passable.  All dams are considered complete barriers, unless there is known fish passage facilities at a dam.  Dams with fish passage were reviewed by J. Royte and E. Martin from The Nature Conservancy and assigned a passability score based on the efficacy of passage at the dam. Passability for road-stream crossings is first assigned based on Maine's crossing assessment protocol which splits crossings into barriers, potential barriers, and no barrier.  Barriers were assigned a value of 0 and no barriers were assigned a value of 1.  Potential barriers were further refined based on Froude number which is a proxy for the relationship between velocity and depth that can be utilized as a screening metric to identify crossings that have a high probability of being velocity barrier to fish passage. Contains compounded error vectors from StreamStats Inputs and  hydraulic geometry calculations and should not be used for anything other than course screening methods.  Inputs for NAACC survey data,  USGS Streamstats Flow Regression and NHD plus provided the relevant data for Flow, Slope, Culvert Geometry, Substrate coverage  and  Culvert Material/Corrugations   needed to calculate roughness, flow depth, velocity and from  Manning equation and output the Froude number into this data. For the  a comprehensive methodology, please contact Benjamin.matthews@tnc.org  for python I/O scripts and hydraulic geometry equations and model assumptions. Froude number was converted to passability by assigning all barriers with Froude numbers higher than 3 (outliers) a value  of 3.  The Froude numbers were then scaled on a 0-1 range and inverted so that 0= full barrier and 1= fully passable.</attrdef>
      </attr>
      <attr>
        <attrlabl>SiteID</attrlabl>
		<attrdef>A unique identifier assigned to each barrier.</attrdef>
      </attr>
      <attr>
        <attrlabl>Name</attrlabl>
		<attrdef>The name of the barrier.</attrdef>
      </attr>
      <attr>
        <attrlabl>RoadClass</attrlabl>
		<attrdef>The type of road at the crossing.</attrdef>
      </attr>
	  <attr>
        <attrlabl>batFuncUS</attrlabl>
		<attrdef>Upstream functional river network length, in meters. The upstream functional river network is defined as the river reaches upstream of a barrier, bounded by other barriers (all that have passability less than 1) or headwaters.  Natural barriers are included in the generation of functional networks.</attrdef>
      </attr>
      <attr>
        <attrlabl>batCountUS</attrlabl>
		<attrdef>The number of upstream barriers.</attrdef>
      </attr>
      <attr>
        <attrlabl>batLenUS</attrlabl>
		<attrdef>The total length of river network upstream of the barrier, regardless of other barriers.</attrdef>
      </attr>
      <attr>
        <attrlabl>batFuncDS</attrlabl>
		<attrdef>Downstream functional river network length, in meters. The downstream functional river network is defined as the river reaches downstream of a barrier, and up connected tributaries, bounded by other barriers (all that have passability less than 1) or headwaters.   Natural barriers are included in the generation of functional networks. </attrdef>
      </attr>
      <attr>
        <attrlabl>batCountDS</attrlabl>
		<attrdef>Number of barriers on the downstream flow path of a barrier</attrdef>
      </attr>
      <attr>
        <attrlabl>batDis2Mth</attrlabl>
		<attrdef>Distance, in meters, from a barrier to the river's outlet</attrdef>
      </attr>
      <attr>
        <attrlabl>batTotUSDS</attrlabl>
		<attrdef>Total functional river network length, in meters. The total functional river network is defined as the sum of the upstream and downstream functional river networks. It is the total river network that would be reconnected if the barrier was removed. Natural barriers are included in the generation of functional networks. </attrdef>
      </attr>
      <attr>
        <attrlabl>batAbs</attrlabl>
		<attrdef>The minimum of a barriers upstream and downstream functional river networks, in meters. Natural barriers are included in the generation of functional networks.</attrdef>
		
      </attr>
      <attr>
        <attrlabl>batUSNetID</attrlabl>
		<attrdef>Unique identifier for a barriers upstream functional river network</attrdef>
      </attr>
      <attr>
        <attrlabl>batDSNetID</attrlabl>
		<attrdef>Unique identifier for a barriers downstream functional river network</attrdef>
      </attr>
      <attr>
        <attrlabl>DSFalls</attrlabl>
		<attrdef>The number of natural barriers on the downstream flow path of a barrier. Includes all natural barriers with passability less than 1. </attrdef>
      </attr>
      <attr>
        <attrlabl>InvasiveBarrier</attrlabl>
		<attrdef>The barrier may be preventing the expansion species of management concern because at least one of the following species is found on one side of the barrier, but not the other:  largemouth bass, muskelunge, northern pike, smallmouth bass, walleye, black crappie</attrdef>
      </attr>
      <attr>
        <attrlabl>InvasiveBarrierConfirmed</attrlabl>
		<attrdef>The barrier may be preventing the expansion species of management concern because at least one of the following species is confirmed to be found on one side of the barrier, but not the other:  largemouth bass, muskelunge, northern pike, smallmouth bass, walleye, black crappie</attrdef>
      </attr>
      <attr>
        <attrlabl>InvasiveBarrierConfNumSpp</attrlabl>
		<attrdef>The number of species of management concern for which the barrier may be preventing the expansion sbecause at least one of the following species is confirmed to be found on one side of the barrier, but not the other.  Maximum of six species: largemouth bass, muskelunge, northern pike, smallmouth bass, walleye, black crappie</attrdef>
      </attr>
      <attr>
        <attrlabl>ds_Largemouth_Bass</attrlabl>
		<attrdef>Species is found in the downstream functional river network of the barrier  (0=No, 1=Yes).</attrdef>
      </attr>
      <attr>
        <attrlabl>us_Largemouth_Bass</attrlabl>
		<attrdef>Species is found in the upstream functional river network of the barrier  (0=No, 1=Yes).</attrdef>
      </attr>
      <attr>
        <attrlabl>Largemouth_Bass_Barrier</attrlabl>
		<attrdef>Species is found on one the barrier and not the other (0=No, 1=Yes).</attrdef>
      </attr>
      <attr>
        <attrlabl>ds_Largemouth_Bass_conf</attrlabl>
		<attrdef>Species is confirmed to be found in the downstream functional river network of the barrier  (0=No, 1=Yes).</attrdef>
      </attr>
      <attr>
        <attrlabl>us_Largemouth_Bass_conf</attrlabl>
		<attrdef>Species is confirmed to be found in the upstream functional river network of the barrier  (0=No, 1=Yes).</attrdef>
      </attr>
      <attr>
        <attrlabl>Largemouth_Bass_conf_Barrier</attrlabl>
		<attrdef>Species is confirmed to be found on one the barrier and not the other (0=No, 1=Yes).</attrdef>
      </attr>
      <attr>
        <attrlabl>ds_Muskelunge</attrlabl>
		<attrdef>Species is found in the downstream functional river network of the barrier  (0=No, 1=Yes).</attrdef>
      </attr>
      <attr>
        <attrlabl>us_Muskelunge</attrlabl>
		<attrdef>Species is found in the upstream functional river network of the barrier  (0=No, 1=Yes).</attrdef>
      </attr>
      <attr>
        <attrlabl>Muskelunge_Barrier</attrlabl>
		<attrdef>Species is found on one the barrier and not the other (0=No, 1=Yes).</attrdef>
      </attr>
      <attr>
        <attrlabl>ds_Muskelunge_conf</attrlabl>
		<attrdef>Species is confirmed to be found in the downstream functional river network of the barrier  (0=No, 1=Yes).</attrdef>
      </attr>
      <attr>
        <attrlabl>us_Muskelunge_conf</attrlabl>
		<attrdef>Species is confirmed to be found in the upstream functional river network of the barrier  (0=No, 1=Yes).</attrdef>
      </attr>
      <attr>
        <attrlabl>Muskelunge_conf_Barrier</attrlabl>
		<attrdef>Species is confirmed to be found on one the barrier and not the other (0=No, 1=Yes).</attrdef>
      </attr>
      <attr>
        <attrlabl>ds_Northern_Pike</attrlabl>
		<attrdef>Species is found in the downstream functional river network of the barrier  (0=No, 1=Yes).</attrdef>
      </attr>
      <attr>
        <attrlabl>us_Northern_Pike</attrlabl>
		<attrdef>Species is found in the upstream functional river network of the barrier  (0=No, 1=Yes).</attrdef>
      </attr>
      <attr>
        <attrlabl>Northern_Pike_Barrier</attrlabl>
		<attrdef>Species is found on one the barrier and not the other (0=No, 1=Yes).</attrdef>
      </attr>
      <attr>
        <attrlabl>ds_Northern_Pike_conf</attrlabl>
		<attrdef>Species is confirmed to be found in the downstream functional river network of the barrier  (0=No, 1=Yes).</attrdef>
      </attr>
      <attr>
        <attrlabl>us_Northern_Pike_conf</attrlabl>
		<attrdef>Species is confirmed to be found in the upstream functional river network of the barrier  (0=No, 1=Yes).</attrdef>
      </attr>
      <attr>
        <attrlabl>Northern_Pike_conf_Barrier</attrlabl>
		<attrdef>Species is confirmed to be found in the downstream functional river network of the barrier  (0=No, 1=Yes).</attrdef>
      </attr>
      <attr>
        <attrlabl>ds_Smallmouth_Bass</attrlabl>
		<attrdef>Species is found in the downstream functional river network of the barrier  (0=No, 1=Yes).</attrdef>
      </attr>
      <attr>
        <attrlabl>us_Smallmouth_Bass</attrlabl>
		<attrdef>Species is found in the upstream functional river network of the barrier  (0=No, 1=Yes).</attrdef>
      </attr>
      <attr>
        <attrlabl>Smallmouth_Bass_Barrier</attrlabl>
		<attrdef>Species is found on one the barrier and not the other (0=No, 1=Yes).</attrdef>
      </attr>
      <attr>
        <attrlabl>ds_Smallmouth_Bass_conf</attrlabl>
		<attrdef>Species is confirmed to be found in the downstream functional river network of the barrier  (0=No, 1=Yes).</attrdef>
      </attr>
      <attr>
        <attrlabl>us_Smallmouth_Bass_conf</attrlabl>
		<attrdef>Species is confirmed to be found in the upstream functional river network of the barrier  (0=No, 1=Yes).</attrdef>
      </attr>
      <attr>
        <attrlabl>Smallmouth_Bass_conf_Barrier</attrlabl>
		<attrdef>Species is confirmed to be found in the downstream functional river network of the barrier  (0=No, 1=Yes).</attrdef>
      </attr>
      <attr>
        <attrlabl>ds_Walleye</attrlabl>
		<attrdef>Species is found in the downstream functional river network of the barrier  (0=No, 1=Yes).</attrdef>
      </attr>
      <attr>
        <attrlabl>us_Walleye</attrlabl>
		<attrdef>Species is found in the upstream functional river network of the barrier  (0=No, 1=Yes).</attrdef>
      </attr>
      <attr>
        <attrlabl>Walleye_Barrier</attrlabl>
		<attrdef>Species is found on one the barrier and not the other (0=No, 1=Yes).</attrdef>
      </attr>
      <attr>
        <attrlabl>ds_Walleye_conf</attrlabl>
		<attrdef>Species is confirmed to be found in the downstream functional river network of the barrier  (0=No, 1=Yes).</attrdef>
      </attr>
      <attr>
        <attrlabl>us_Walleye_conf</attrlabl>
		<attrdef>Species is confirmed to be found in the upstream functional river network of the barrier  (0=No, 1=Yes).</attrdef>
      </attr>
      <attr>
        <attrlabl>Walleye_conf_Barrier</attrlabl>
		<attrdef>Species is confirmed to be found in the downstream functional river network of the barrier  (0=No, 1=Yes).</attrdef>
      </attr>
      <attr>
        <attrlabl>ds_Black_Crappie</attrlabl>
		<attrdef>Species is found in the downstream functional river network of the barrier  (0=No, 1=Yes).</attrdef>
      </attr>
      <attr>
        <attrlabl>us_Black_Crappie</attrlabl>
		<attrdef>Species is found in the upstream functional river network of the barrier  (0=No, 1=Yes).</attrdef>
      </attr>
      <attr>
        <attrlabl>Black_Crappie_Barrier</attrlabl>
		<attrdef>Species is found on one the barrier and not the other (0=No, 1=Yes).</attrdef>
      </attr>
      <attr>
        <attrlabl>ds_Black_Crappie_conf</attrlabl>
		<attrdef>Species is confirmed to be found in the downstream functional river network of the barrier  (0=No, 1=Yes).</attrdef>
      </attr>
      <attr>
        <attrlabl>us_Black_Crappie_conf</attrlabl>
		<attrdef>Species is confirmed to be found in the upstream functional river network of the barrier  (0=No, 1=Yes).</attrdef>
      </attr>
      <attr>
        <attrlabl>Black_Crappie_conf_Barrier</attrlabl>
		<attrdef>Species is confirmed to be found in the downstream functional river network of the barrier  (0=No, 1=Yes).</attrdef>
      </attr>
      <attr>
        <attrlabl>alewifeAcres</attrlabl>
		<attrdef>Acres of alewife ponds found upstream of the barrier.  As a measure of restoration potential, this metric ignores upstream barriers. Data source: Maine DMR</attrdef>
      </attr>
      <attr>
        <attrlabl>HeritagePondBarrier</attrlabl>
		<attrdef>Barrier potentially restricts movement between designated heritage wild brook trout ponds because heritage ponds are found in both the barrier's upstream and downstream functional river network. Heritage pond data from Maine Dept. of Inland Fisheries and Wildlife</attrdef>
      </attr>
      <attr>
        <attrlabl>ds_heritagePond</attrlabl>
		<attrdef>At least one Heritage Wild Brook Trout Pond is found in the barrier's downstream functional network. Heritage pond data from Maine Dept. of Inland Fisheries and Wildlife</attrdef>
      </attr>
      <attr>
        <attrlabl>us_heritagePond</attrlabl>
		<attrdef>At least one Heritage Wild Brook Trout Pond is found in the barrier's upstream functional network. Heritage pond data from Maine Dept. of Inland Fisheries and Wildlife</attrdef>
      </attr>
      <attr>
        <attrlabl>usNatBar</attrlabl>
		<attrdef>One or more of the next upstream barriers is a natural barrier (e.g. waterfall). (0=No, 1=Yes)</attrdef>
      </attr>
      <attr>
        <attrlabl>MilesBT_MHVH_USonly</attrlabl>
		<attrdef>Length of brook trout habitat (in miles) in the Upstream Functional Network that is of medium, high, or very high priority for brook trout. Data source: Stream reaches classified by Maine Inland Fish  and Wildlife, July 2015</attrdef>
      </attr>
      <attr>
        <attrlabl>MilesBT_MHVH</attrlabl>
		<attrdef>Length of brook trout habitat (in miles) in the Upstream + Downstream Functional Network that is of medium, high, or very high priority for brook trout. Data source: Stream reaches classified by Maine Inland Fish  and Wildlife, July 2015</attrdef>
      </attr>
      <attr>
        <attrlabl>BT_1_4_MHVH</attrlabl>
		<attrdef>Presence of ¼ mile or more of medium, high, or very high priority brook trout habitat in either the Upstream Functional Network or Downstream Functional Network. Data source: Stream reaches classified by Maine Inland Fish  and Wildlife, July 2015</attrdef>
      </attr>
      <attr>
        <attrlabl>BT_1_4_HVH</attrlabl>
		<attrdef>Presence of ¼ mile or more of high, or very high priority brook trout habitat in either the Upstream Functional Network or Downstream Functional Network. Data source: Stream reaches classified by Maine Inland Fish  and Wildlife, July 2015</attrdef>
      </attr>
      <attr>
        <attrlabl>BT_1_4_VH</attrlabl>
		<attrdef>Presence of ¼ mile or more of very high priority brook trout habitat in either the Upstream Functional Network or Downstream Functional Network. Data source: Stream reaches classified by Maine Inland Fish  and Wildlife, July 2015</attrdef>
      </attr>
      <attr>
        <attrlabl>EBTJV_Patch</attrlabl>
		<attrdef>Barrier is within an Eastern Brook Trout Joint Venture (EBTJV) wild brook trout patch (http://easternbrooktrout.org/news/news-inbox/ebtjv-salmonid-catchment-assessment-and-habitat-patch-layers)</attrdef>
      </attr>
      <attr>
        <attrlabl>usSmeltPriority</attrlabl>
		<attrdef>Value of smelt spawning sites priorities located upstream of barrier.  Data from Maine DMR (Aug 2015) where priority classes were assigned the following numerical values: Very High=4, High=3, Not Ranked=2.5, Unknown=2.5, Medium=2, Low=1, None Documented = 0. If more than one spawning site is located above the barrier, the maximum value is assigned to the barrier </attrdef>
      </attr>
      <attr>
        <attrlabl>SeaRunBT</attrlabl>
		<attrdef>Barrier potentially blocks sea-run brook trout migrations because it falls on reaches mapped for current or historical sea run brook trout use.  Data from ‘Distribution of Diadromous Fish in Maine’ compiled by USFWS Gulf of Maine (Houston, Lary, Chadbourne, and Charry). March, 2007</attrdef>
      </attr>
      <attr>
        <attrlabl>AquiferOrCoarseSed</attrlabl>
		<attrdef>Aquifers OR coarse sediments are found in upstream functional network OR downstream functional network OR both.  This metric evaluates the potential for cold water habitats within a barrier’s respective networks. Aquifer data from Maine Geological Survey, Department of Agriculture, Conservation and Forestry.  Coarse sediment data from from The Nature Conservancy  Eastern Division’s Ecological Land Units (https://www.conservationgateway.org/ConservationByGeography/NorthAmerica/UnitedStates/edc/reportsdata/mapsdata/Pages/default.aspx)</attrdef>
      </attr>
      <attr>
        <attrlabl>CalcModCalc</attrlabl>
		<attrdef>Calcareous or moderately calcareous geology is found in upstream functional network OR downstream functional network OR both.  This metric evaluates the acid buffering capacity within a barrier’s respective networks. Geology data from The Nature Conservancy  Eastern Division’s Ecological Land Units (https://www.conservationgateway.org/ConservationByGeography/NorthAmerica/UnitedStates/edc/reportsdata/mapsdata/Pages/default.aspx)</attrdef>
      </attr>
      <attr>
        <attrlabl>DMRSalmonPriority</attrlabl>
		<attrdef>Barrier is assigned the Priority Tier from the 12-Digit Hydrologic Unit that it is within.  Priority Tiers designated by Maine’s Department of Marine Resources (DMR). Categorical (Numerical values assigned from Tiers: Tier 1 = 1; Tier 2 = 2; Tier 3= 3</attrdef>
      </attr>
      <attr>
        <attrlabl>HUC10_CritSalmHab</attrlabl>
		<attrdef>Barrier is located within a designated Atlantic Salmon Critical Habitat 10-Digit Hydrologic Unit.  Data Source: U.S. Department of Agriculture, Natural Resources Conservation Service.  Critical Habitat data from NOAA’s National Marine Fisheries Service (NMFS) </attrdef>
      </attr>
      <attr>
        <attrlabl>US_SalmHabUnitsWeighted</attrlabl>
		<attrdef>The summed value of Atlantic Salmon habitat units in a barrier’s Upstream Functional Network.  The habitat units for each reach are multiplied by the probability of   Salmon habitat units obtained from a GIS-based habitat model that predicts the amount of accessible Atlantic salmon rearing habitat throughout the Gulf of Maine Atlantic Salmon DPS.  Data from U.S. Fish and Wildlife Service, Gulf of Maine Coastal Program; Tara Trinko Lake, NOAA Fisheries Service, Maine Field Station; John Sweka, U.S. Fish and Wildlife Service, Northeast Fishery Center</attrdef>
      </attr>
      <attr>
        <attrlabl>US_SalmParrProd</attrlabl>
		<attrdef>The summed Atlantic Salmon parr productivity in a barrier’s Upstream Functional Network.  Salmon parr productivity obtained from a GIS-based habitat model that predicts the amount of accessible Atlantic salmon rearing habitat throughout the Gulf of Maine Atlantic Salmon DPS. Data from U.S. Fish and Wildlife Service, Gulf of Maine Coastal Program; Tara Trinko Lake, NOAA Fisheries Service, Maine Field Station; John Sweka, U.S. Fish and Wildlife Service, Northeast Fishery Center</attrdef>
      </attr>
      <attr>
        <attrlabl>HUC10_Habitat_Units</attrlabl>
		<attrdef>The sum of salmon habitat units within the 10-Digit Hydrologic Unit (HUC10) that the barrier is within</attrdef>
      </attr>
      <attr>
        <attrlabl>Tribal</attrlabl>
      </attr>
      <attr>
        <attrlabl>MilesUS_HATPlus1m</attrlabl>
		<attrdef>The length of tidal river habitat, in miles, upstream of the barrier given 1m of sea level rise. Based on data which represents the approximate extent of inundation on the Maine coast during the 2015 Highest Annual Tide (HAT).  Mapping was produced in 2015 by P. A. Slovinsky, C.D. Adams, and C. H. Halsted of the Maine Geological Survey.</attrdef>
      </attr>
      <attr>
        <attrlabl>MilesUS_HATPlus6ft</attrlabl>
		<attrdef>The length of tidal river habitat, in miles, upstream of the barrier given 6ft of sea level rise. Based on data which represents the approximate extent of inundation on the Maine coast during the 2015 Highest Annual Tide (HAT).  Mapping was produced in 2015 by P. A. Slovinsky, C.D. Adams, and C. H. Halsted of the Maine Geological Survey.</attrdef>
      </attr>
      <attr>
        <attrlabl>MilesUS_HATcurrent</attrlabl>
		<attrdef>The length of tidal river habitat, in miles, upstream of the barrier. Based on data which represents the approximate extent of inundation on the Maine coast during the 2015 Highest Annual Tide (HAT).  Mapping was produced in 2015 by P. A. Slovinsky, C.D. Adams, and C. H. Halsted of the Maine Geological Survey.</attrdef>
      </attr>
      <attr>
        <attrlabl>Restricted</attrlabl>
		<attrdef>Indicates if barrier data is restricted because it is on a private road.  Restricted barriers are not included in the results, but are used in the generation of metrics (e.g. functional river networks). (0=No, 1=Yes) </attrdef>
      </attr>
      <attr>
        <attrlabl>onConsLand</attrlabl>
		<attrdef>Indicates if barrier data is located on conservation land, based on The Nature Conservancy in Maine's secured lands data. (0=No, 1=Yes) </attrdef>
      </attr>
      <attr>
        <attrlabl>dsPassabilityProduct</attrlabl>
		<attrdef>The product (multiplication) of all passability scores on the downstream flow path of a barrier. </attrdef>
      </attr>
      <attr>
        <attrlabl>meanSummTemp</attrlabl>
		<attrdef>Mean Summer Temp (C), in the stream reach that the barrier is located within.  Based on catchment scale data from the USGS Conte Lab / University of Massachusetts USGS EcoSheds platform http://ecosheds.org</attrdef>
      </attr>
      <attr>
        <attrlabl>maxTemp_0_3</attrlabl>
		<attrdef>Threshold Temp (C) for 30% Occupancy, in the stream reach that the barrier is located within.  Based on catchment scale data from the USGS Conte Lab / University of Massachusetts USGS EcoSheds platform http://ecosheds.org</attrdef>
      </attr>
      <attr>
        <attrlabl>cumulativeUSNet</attrlabl>
		<attrdef>The cumulative upstream functional network is an index designed to assess the river habitat that would be made available upstream of a barrier, given its removal and partial passability at upstream barriers, accounting for the cumulative impacts of partial passability.  It is calculated as the sum of the upstream functional networks of all of a barrier’s upstream barriers, multiplied by the cumulative passability score between the target barrier and each upstream barrier. The full upstream functional network of the target barrier is included</attrdef>
      </attr>
      <attr>
        <attrlabl>cumulativeSalmHabUnits</attrlabl>
		<attrdef>The cumulative upstream salmon habitat units metric is an index designed to assess the amount of salmon habitat that would be made available upstream of a barrier, given its removal and partial passability at upstream barriers, accounting for the cumulative impacts of partial passability.  It is calculated as the sum of the weighted upstream salmon habitat units (US_SalmHabUnitsWeighted) of all of a barrier’s upstream barriers, multiplied by the cumulative passability score between the target barrier and each upstream barrier. The full upstream functional network of the target barrier is included.</attrdef>
      </attr>
      <attr>
        <attrlabl>usRestPot</attrlabl>
		<attrdef>The upstream restoration potential is an index designed to summarize the restoration potential of a barrier. It is calculated as ((((batLenUS - batFuncUS) / batCountUS) + batFunUS ) * dsPasabilityProduct).  </attrdef>
      </attr>
      <attr>
        <attrlabl>HUC8</attrlabl>
		<attrdef>8-digit hydrologic unit (HUC8) that the barrier is located within.</attrdef>
      </attr>
      <attr>
        <attrlabl>HUC8_Name</attrlabl>
		<attrdef>Name of the 8-digit hydrologic unit (HUC8) that the barrier is located within.</attrdef>
      </attr>
      <attr>
        <attrlabl>HUC10</attrlabl>
		<attrdef>10-digit hydrologic unit (HUC8) that the barrier is located within.</attrdef>
      </attr>
      <attr>
        <attrlabl>HUC10_Name</attrlabl>
		<attrdef>Name of the 10-digit hydrologic unit (HUC8) that the barrier is located within.</attrdef>
      </attr>
      <attr>
        <attrlabl>HUC12</attrlabl>
		<attrdef>12-digit hydrologic unit (HUC8) that the barrier is located within.</attrdef>
      </attr>
      <attr>
        <attrlabl>HUC12_Name</attrlabl>
		<attrdef>Name of the 12-digit hydrologic unit (HUC8) that the barrier is located within.</attrdef>
      </attr>
      <attr>
        <attrlabl>TotDASqKM</attrlabl>
		<attrdef>Total drainage area, in square kilometers, upstream of the barrier</attrdef>
      </attr>
      <attr>
        <attrlabl>NESZCL</attrlabl>
		<attrdef>River size class based on NE Aquatic Habitat Classification (http://rcngrants.org/sites/default/files/final_reports/Northeast%20Aquatic%20Habitat%20Classification%20Final%20Report.pdf) </attrdef>
		<attrdomv>
          <edom>
            <edomv>1a</edomv>
            <edomvd>Headwaters:  Drainage area 0 - 3.861 sqmi</edomvd>
          </edom>
        </attrdomv>
        <attrdomv>
          <edom>
            <edomv>1b</edomv>
            <edomvd>Creeks: Drainage area 3.861 - 38.61 sqmi</edomvd>
          </edom>
        </attrdomv>
        <attrdomv>
          <edom>
            <edomvd>Small Rivers: Drainage area 38.61 - 200 sqmi</edomvd>
            <edomv>2</edomv>
          </edom>
        </attrdomv>
        <attrdomv>
          <edom>
            <edomv>3a</edomv>
            <edomvd>Medium Tributary Rivers: Drainage area 200 - 1000 sqmi</edomvd>
          </edom>
        </attrdomv>
        <attrdomv>
          <edom>
            <edomv>3b</edomv>
            <edomvd>Medium Mainstem Rivers:  Drainage area1000-3861 sqmi</edomvd>
          </edom>
        </attrdomv>
        <attrdomv>
          <edom>
            <edomv>4</edomv>
            <edomvd>Large Rivers: Drainage area 3861-9653 sqmi</edomvd>
          </edom>
        </attrdomv>
        <attrdomv>
          <edom>
            <edomv>5</edomv>
            <edomvd>Great Rivers: Drainage area andgt;9653 sqmi</edomvd>
          </edom>
        </attrdomv>
      </attr>
      <attr>
        <attrlabl>NESZCL_Int</attrlabl>
		<attrdef>Integer version of NESZCL field.  River size class based on NE Aquatic Habitat Classification (http://rcngrants.org/sites/default/files/final_reports/Northeast%20Aquatic%20Habitat%20Classification%20Final%20Report.pdf) </attrdef>
      </attr>
      <attr>
        <attrlabl>Town</attrlabl>
		<attrdef>Town that the barrier is located within</attrdef>
      </attr>
      <attr>
        <attrlabl>County</attrlabl>
		<attrdef>County that the barrier is located within</attrdef>
      </attr>
      <attr>
        <attrlabl>PRInvasiveBarrierConfirmed</attrlabl>
		<attrdef>Used internally in the prioritization and aquatic barrier prioritization app.  This field describes the relative performance of the barrier, versus the other barriers included in the prioritization, for the metric given.  The letters "PR" prepend the name of the metric being evaluated.  Although the values of a metric will not change based on the barriers included in a prioritization, the values in this field show relative performance and so will vary based on the barriers being included in the prioritization.  A value of 100 indicates the barrier performs well for the metric, meaning it would be a high priority for removal/improved passage, based solely on this metric. Used internally in the prioritization.</attrdef>
      </attr>
      <attr>
        <attrlabl>PRbatFuncUS</attrlabl>
		<attrdef>Used internally in the prioritization and aquatic barrier prioritization app.  This field describes the relative performance of the barrier, versus the other barriers included in the prioritization, for the metric given.  The letters "PR" prepend the name of the metric being evaluated.  Although the values of a metric will not change based on the barriers included in a prioritization, the values in this field show relative performance and so will vary based on the barriers being included in the prioritization.  A value of 100 indicates the barrier performs well for the metric, meaning it would be a high priority for removal/improved passage, based solely on this metric. Used internally in the prioritization.</attrdef>
      </attr>
      <attr>
        <attrlabl>PRDMRSalmonPriority</attrlabl>
		<attrdef>Used internally in the prioritization and aquatic barrier prioritization app.  This field describes the relative performance of the barrier, versus the other barriers included in the prioritization, for the metric given.  The letters "PR" prepend the name of the metric being evaluated.  Although the values of a metric will not change based on the barriers included in a prioritization, the values in this field show relative performance and so will vary based on the barriers being included in the prioritization.  A value of 100 indicates the barrier performs well for the metric, meaning it would be a high priority for removal/improved passage, based solely on this metric. Used internally in the prioritization.</attrdef>
      </attr>
      <attr>
        <attrlabl>PRHUC10_Habitat_Units</attrlabl>
		<attrdef>Used internally in the prioritization and aquatic barrier prioritization app.  This field describes the relative performance of the barrier, versus the other barriers included in the prioritization, for the metric given.  The letters "PR" prepend the name of the metric being evaluated.  Although the values of a metric will not change based on the barriers included in a prioritization, the values in this field show relative performance and so will vary based on the barriers being included in the prioritization.  A value of 100 indicates the barrier performs well for the metric, meaning it would be a high priority for removal/improved passage, based solely on this metric. Used internally in the prioritization.</attrdef>
      </attr>
      <attr>
        <attrlabl>PRUS_SalmHabUnitsWeighted</attrlabl>
		<attrdef>Used internally in the prioritization and aquatic barrier prioritization app.  This field describes the relative performance of the barrier, versus the other barriers included in the prioritization, for the metric given.  The letters "PR" prepend the name of the metric being evaluated.  Although the values of a metric will not change based on the barriers included in a prioritization, the values in this field show relative performance and so will vary based on the barriers being included in the prioritization.  A value of 100 indicates the barrier performs well for the metric, meaning it would be a high priority for removal/improved passage, based solely on this metric. Used internally in the prioritization.</attrdef>
      </attr>
      <attr>
        <attrlabl>PRcumulativeSalmHabUnits</attrlabl>
		<attrdef>Used internally in the prioritization and aquatic barrier prioritization app.  This field describes the relative performance of the barrier, versus the other barriers included in the prioritization, for the metric given.  The letters "PR" prepend the name of the metric being evaluated.  Although the values of a metric will not change based on the barriers included in a prioritization, the values in this field show relative performance and so will vary based on the barriers being included in the prioritization.  A value of 100 indicates the barrier performs well for the metric, meaning it would be a high priority for removal/improved passage, based solely on this metric. Used internally in the prioritization.</attrdef>
      </attr>
      <attr>
        <attrlabl>PRbatCountDS</attrlabl>
		<attrdef>Used internally in the prioritization and aquatic barrier prioritization app.  This field describes the relative performance of the barrier, versus the other barriers included in the prioritization, for the metric given.  The letters "PR" prepend the name of the metric being evaluated.  Although the values of a metric will not change based on the barriers included in a prioritization, the values in this field show relative performance and so will vary based on the barriers being included in the prioritization.  A value of 100 indicates the barrier performs well for the metric, meaning it would be a high priority for removal/improved passage, based solely on this metric. Used internally in the prioritization.</attrdef>
      </attr>
      <attr>
        <attrlabl>PRalewifeAcres</attrlabl>
		<attrdef>Used internally in the prioritization and aquatic barrier prioritization app.  This field describes the relative performance of the barrier, versus the other barriers included in the prioritization, for the metric given.  The letters "PR" prepend the name of the metric being evaluated.  Although the values of a metric will not change based on the barriers included in a prioritization, the values in this field show relative performance and so will vary based on the barriers being included in the prioritization.  A value of 100 indicates the barrier performs well for the metric, meaning it would be a high priority for removal/improved passage, based solely on this metric. Used internally in the prioritization.</attrdef>
      </attr>
      <attr>
        <attrlabl>PRcumulativeUSNet</attrlabl>
		<attrdef>Used internally in the prioritization and aquatic barrier prioritization app.  This field describes the relative performance of the barrier, versus the other barriers included in the prioritization, for the metric given.  The letters "PR" prepend the name of the metric being evaluated.  Although the values of a metric will not change based on the barriers included in a prioritization, the values in this field show relative performance and so will vary based on the barriers being included in the prioritization.  A value of 100 indicates the barrier performs well for the metric, meaning it would be a high priority for removal/improved passage, based solely on this metric. Used internally in the prioritization.</attrdef>
      </attr>
      <attr>
        <attrlabl>PRdsPassabilityProduct</attrlabl>
		<attrdef>Used internally in the prioritization and aquatic barrier prioritization app.  This field describes the relative performance of the barrier, versus the other barriers included in the prioritization, for the metric given.  The letters "PR" prepend the name of the metric being evaluated.  Although the values of a metric will not change based on the barriers included in a prioritization, the values in this field show relative performance and so will vary based on the barriers being included in the prioritization.  A value of 100 indicates the barrier performs well for the metric, meaning it would be a high priority for removal/improved passage, based solely on this metric. Used internally in the prioritization.</attrdef>
      </attr>
      <attr>
        <attrlabl>FinalRank</attrlabl>
		<attrdef>The sequential rank of the barrier for the given prioritization.  Low values are the higher ranks, meaning they are higher priorities for removal / improved passage for the given prioritization.</attrdef>
      </attr>
      <attr>
        <attrlabl>Tier</attrlabl>
		<attrdef>The FinalRank attribute binned into 5% Tiers.  Low values are the higher ranks, meaning they are higher priorities for removal / improved passage for the given prioritization.</attrdef>
      </attr>
      <attr>
        <attrlabl>Symbology</attrlabl>
		<attrdef>A concatenation of the barrier Type and Tier, used for display in the aquatic barrier priortization app</attrdef>
      </attr>
      <attr>
        <attrlabl>PRHeritagePondBarrier</attrlabl>
		<attrdef>Used internally in the prioritization and aquatic barrier prioritization app.  This field describes the relative performance of the barrier, versus the other barriers included in the prioritization, for the metric given.  The letters "PR" prepend the name of the metric being evaluated.  Although the values of a metric will not change based on the barriers included in a prioritization, the values in this field show relative performance and so will vary based on the barriers being included in the prioritization.  A value of 100 indicates the barrier performs well for the metric, meaning it would be a high priority for removal/improved passage, based solely on this metric. Used internally in the prioritization.</attrdef>
      </attr>
      <attr>
        <attrlabl>PRusSmeltPriority</attrlabl>
		<attrdef>Used internally in the prioritization and aquatic barrier prioritization app.  This field describes the relative performance of the barrier, versus the other barriers included in the prioritization, for the metric given.  The letters "PR" prepend the name of the metric being evaluated.  Although the values of a metric will not change based on the barriers included in a prioritization, the values in this field show relative performance and so will vary based on the barriers being included in the prioritization.  A value of 100 indicates the barrier performs well for the metric, meaning it would be a high priority for removal/improved passage, based solely on this metric. Used internally in the prioritization.</attrdef>
      </attr>
      <attr>
        <attrlabl>PRmeanSummTemp</attrlabl>
		<attrdef>Used internally in the prioritization and aquatic barrier prioritization app.  This field describes the relative performance of the barrier, versus the other barriers included in the prioritization, for the metric given.  The letters "PR" prepend the name of the metric being evaluated.  Although the values of a metric will not change based on the barriers included in a prioritization, the values in this field show relative performance and so will vary based on the barriers being included in the prioritization.  A value of 100 indicates the barrier performs well for the metric, meaning it would be a high priority for removal/improved passage, based solely on this metric. Used internally in the prioritization.</attrdef>
      </attr>
      <attr>
        <attrlabl>PRusNatBar</attrlabl>
		<attrdef>Used internally in the prioritization and aquatic barrier prioritization app.  This field describes the relative performance of the barrier, versus the other barriers included in the prioritization, for the metric given.  The letters "PR" prepend the name of the metric being evaluated.  Although the values of a metric will not change based on the barriers included in a prioritization, the values in this field show relative performance and so will vary based on the barriers being included in the prioritization.  A value of 100 indicates the barrier performs well for the metric, meaning it would be a high priority for removal/improved passage, based solely on this metric. Used internally in the prioritization.</attrdef>
      </attr>
      <attr>
        <attrlabl>PRHUC10_CritSalmHab</attrlabl>
		<attrdef>Used internally in the prioritization and aquatic barrier prioritization app.  This field describes the relative performance of the barrier, versus the other barriers included in the prioritization, for the metric given.  The letters "PR" prepend the name of the metric being evaluated.  Although the values of a metric will not change based on the barriers included in a prioritization, the values in this field show relative performance and so will vary based on the barriers being included in the prioritization.  A value of 100 indicates the barrier performs well for the metric, meaning it would be a high priority for removal/improved passage, based solely on this metric. Used internally in the prioritization.</attrdef>
      </attr>
      <attr>
        <attrlabl>PRInvasiveBarrierConfNumSpp</attrlabl>
		<attrdef>Used internally in the prioritization and aquatic barrier prioritization app.  This field describes the relative performance of the barrier, versus the other barriers included in the prioritization, for the metric given.  The letters "PR" prepend the name of the metric being evaluated.  Although the values of a metric will not change based on the barriers included in a prioritization, the values in this field show relative performance and so will vary based on the barriers being included in the prioritization.  A value of 100 indicates the barrier performs well for the metric, meaning it would be a high priority for removal/improved passage, based solely on this metric. Used internally in the prioritization.</attrdef>
      </attr>
      <attr>
        <attrlabl>PRSeaRunBT</attrlabl>
		<attrdef>Used internally in the prioritization and aquatic barrier prioritization app.  This field describes the relative performance of the barrier, versus the other barriers included in the prioritization, for the metric given.  The letters "PR" prepend the name of the metric being evaluated.  Although the values of a metric will not change based on the barriers included in a prioritization, the values in this field show relative performance and so will vary based on the barriers being included in the prioritization.  A value of 100 indicates the barrier performs well for the metric, meaning it would be a high priority for removal/improved passage, based solely on this metric. Used internally in the prioritization.</attrdef>
      </attr>
      <attr>
        <attrlabl>PRmaxTemp_0_3</attrlabl>
		<attrdef>Used internally in the prioritization and aquatic barrier prioritization app.  This field describes the relative performance of the barrier, versus the other barriers included in the prioritization, for the metric given.  The letters "PR" prepend the name of the metric being evaluated.  Although the values of a metric will not change based on the barriers included in a prioritization, the values in this field show relative performance and so will vary based on the barriers being included in the prioritization.  A value of 100 indicates the barrier performs well for the metric, meaning it would be a high priority for removal/improved passage, based solely on this metric. Used internally in the prioritization.</attrdef>
      </attr>
      <attr>
        <attrlabl>PRMilesBT_MHVH_USonly</attrlabl>
		<attrdef>Used internally in the prioritization and aquatic barrier prioritization app.  This field describes the relative performance of the barrier, versus the other barriers included in the prioritization, for the metric given.  The letters "PR" prepend the name of the metric being evaluated.  Although the values of a metric will not change based on the barriers included in a prioritization, the values in this field show relative performance and so will vary based on the barriers being included in the prioritization.  A value of 100 indicates the barrier performs well for the metric, meaning it would be a high priority for removal/improved passage, based solely on this metric. Used internally in the prioritization.</attrdef>
      </attr>
      <attr>
        <attrlabl>PRInvasiveBarrier</attrlabl>
		<attrdef>Used internally in the prioritization and aquatic barrier prioritization app.  This field describes the relative performance of the barrier, versus the other barriers included in the prioritization, for the metric given.  The letters "PR" prepend the name of the metric being evaluated.  Although the values of a metric will not change based on the barriers included in a prioritization, the values in this field show relative performance and so will vary based on the barriers being included in the prioritization.  A value of 100 indicates the barrier performs well for the metric, meaning it would be a high priority for removal/improved passage, based solely on this metric. Used internally in the prioritization.</attrdef>
      </attr>
      <attr>
        <attrlabl>PRBT_1_4_MHVH</attrlabl>
		<attrdef>Used internally in the prioritization and aquatic barrier prioritization app.  This field describes the relative performance of the barrier, versus the other barriers included in the prioritization, for the metric given.  The letters "PR" prepend the name of the metric being evaluated.  Although the values of a metric will not change based on the barriers included in a prioritization, the values in this field show relative performance and so will vary based on the barriers being included in the prioritization.  A value of 100 indicates the barrier performs well for the metric, meaning it would be a high priority for removal/improved passage, based solely on this metric. Used internally in the prioritization.</attrdef>
      </attr>
      <attr>
        <attrlabl>PRCalcModCalc</attrlabl>
		<attrdef>Used internally in the prioritization and aquatic barrier prioritization app.  This field describes the relative performance of the barrier, versus the other barriers included in the prioritization, for the metric given.  The letters "PR" prepend the name of the metric being evaluated.  Although the values of a metric will not change based on the barriers included in a prioritization, the values in this field show relative performance and so will vary based on the barriers being included in the prioritization.  A value of 100 indicates the barrier performs well for the metric, meaning it would be a high priority for removal/improved passage, based solely on this metric. Used internally in the prioritization.</attrdef>
      </attr>
      <attr>
        <attrlabl>PRbatLenUS</attrlabl>
		<attrdef>Used internally in the prioritization and aquatic barrier prioritization app.  This field describes the relative performance of the barrier, versus the other barriers included in the prioritization, for the metric given.  The letters "PR" prepend the name of the metric being evaluated.  Although the values of a metric will not change based on the barriers included in a prioritization, the values in this field show relative performance and so will vary based on the barriers being included in the prioritization.  A value of 100 indicates the barrier performs well for the metric, meaning it would be a high priority for removal/improved passage, based solely on this metric. Used internally in the prioritization.</attrdef>
      </attr>
      <attr>
        <attrlabl>PRUS_SalmParrProd</attrlabl>
		<attrdef>Used internally in the prioritization and aquatic barrier prioritization app.  This field describes the relative performance of the barrier, versus the other barriers included in the prioritization, for the metric given.  The letters "PR" prepend the name of the metric being evaluated.  Although the values of a metric will not change based on the barriers included in a prioritization, the values in this field show relative performance and so will vary based on the barriers being included in the prioritization.  A value of 100 indicates the barrier performs well for the metric, meaning it would be a high priority for removal/improved passage, based solely on this metric. Used internally in the prioritization.</attrdef>
      </attr>
      <attr>
        <attrlabl>PRusRestPot</attrlabl>
		<attrdef>Used internally in the prioritization and aquatic barrier prioritization app.  This field describes the relative performance of the barrier, versus the other barriers included in the prioritization, for the metric given.  The letters "PR" prepend the name of the metric being evaluated.  Although the values of a metric will not change based on the barriers included in a prioritization, the values in this field show relative performance and so will vary based on the barriers being included in the prioritization.  A value of 100 indicates the barrier performs well for the metric, meaning it would be a high priority for removal/improved passage, based solely on this metric. Used internally in the prioritization.</attrdef>
      </attr>
      <attr>
        <attrlabl>PRBT_1_4_VH</attrlabl>
		<attrdef>Used internally in the prioritization and aquatic barrier prioritization app.  This field describes the relative performance of the barrier, versus the other barriers included in the prioritization, for the metric given.  The letters "PR" prepend the name of the metric being evaluated.  Although the values of a metric will not change based on the barriers included in a prioritization, the values in this field show relative performance and so will vary based on the barriers being included in the prioritization.  A value of 100 indicates the barrier performs well for the metric, meaning it would be a high priority for removal/improved passage, based solely on this metric. Used internally in the prioritization.</attrdef>
      </attr>
      <attr>
        <attrlabl>PRMilesBT_MHVH</attrlabl>
		<attrdef>Used internally in the prioritization and aquatic barrier prioritization app.  This field describes the relative performance of the barrier, versus the other barriers included in the prioritization, for the metric given.  The letters "PR" prepend the name of the metric being evaluated.  Although the values of a metric will not change based on the barriers included in a prioritization, the values in this field show relative performance and so will vary based on the barriers being included in the prioritization.  A value of 100 indicates the barrier performs well for the metric, meaning it would be a high priority for removal/improved passage, based solely on this metric. Used internally in the prioritization.</attrdef>
      </attr>
      <attr>
        <attrlabl>PRAquiferOrCoarseSed</attrlabl>
		<attrdef>Used internally in the prioritization and aquatic barrier prioritization app.  This field describes the relative performance of the barrier, versus the other barriers included in the prioritization, for the metric given.  The letters "PR" prepend the name of the metric being evaluated.  Although the values of a metric will not change based on the barriers included in a prioritization, the values in this field show relative performance and so will vary based on the barriers being included in the prioritization.  A value of 100 indicates the barrier performs well for the metric, meaning it would be a high priority for removal/improved passage, based solely on this metric. Used internally in the prioritization.</attrdef>
      </attr>
      <attr>
        <attrlabl>PRBT_1_4_HVH</attrlabl>
		<attrdef>Used internally in the prioritization and aquatic barrier prioritization app.  This field describes the relative performance of the barrier, versus the other barriers included in the prioritization, for the metric given.  The letters "PR" prepend the name of the metric being evaluated.  Although the values of a metric will not change based on the barriers included in a prioritization, the values in this field show relative performance and so will vary based on the barriers being included in the prioritization.  A value of 100 indicates the barrier performs well for the metric, meaning it would be a high priority for removal/improved passage, based solely on this metric. Used internally in the prioritization.</attrdef>
      </attr>
      <attr>
        <attrlabl>PREBTJV_Patch</attrlabl>
		<attrdef>Used internally in the prioritization and aquatic barrier prioritization app.  This field describes the relative performance of the barrier, versus the other barriers included in the prioritization, for the metric given.  The letters "PR" prepend the name of the metric being evaluated.  Although the values of a metric will not change based on the barriers included in a prioritization, the values in this field show relative performance and so will vary based on the barriers being included in the prioritization.  A value of 100 indicates the barrier performs well for the metric, meaning it would be a high priority for removal/improved passage, based solely on this metric. Used internally in the prioritization.</attrdef>
      </attr>
      <attr>
        <attrlabl>PRNESZCL_Int</attrlabl>
		<attrdef>Used internally in the prioritization and aquatic barrier prioritization app.  This field describes the relative performance of the barrier, versus the other barriers included in the prioritization, for the metric given.  The letters "PR" prepend the name of the metric being evaluated.  Although the values of a metric will not change based on the barriers included in a prioritization, the values in this field show relative performance and so will vary based on the barriers being included in the prioritization.  A value of 100 indicates the barrier performs well for the metric, meaning it would be a high priority for removal/improved passage, based solely on this metric. Used internally in the prioritization.</attrdef>
      </attr>
      <attr>
        <attrlabl>PRbatAbs</attrlabl>
		<attrdef>Used internally in the prioritization and aquatic barrier prioritization app.  This field describes the relative performance of the barrier, versus the other barriers included in the prioritization, for the metric given.  The letters "PR" prepend the name of the metric being evaluated.  Although the values of a metric will not change based on the barriers included in a prioritization, the values in this field show relative performance and so will vary based on the barriers being included in the prioritization.  A value of 100 indicates the barrier performs well for the metric, meaning it would be a high priority for removal/improved passage, based solely on this metric. Used internally in the prioritization.</attrdef>
      </attr>
      <attr>
        <attrlabl>PRDSFalls</attrlabl>
		<attrdef>Used internally in the prioritization and aquatic barrier prioritization app.  This field describes the relative performance of the barrier, versus the other barriers included in the prioritization, for the metric given.  The letters "PR" prepend the name of the metric being evaluated.  Although the values of a metric will not change based on the barriers included in a prioritization, the values in this field show relative performance and so will vary based on the barriers being included in the prioritization.  A value of 100 indicates the barrier performs well for the metric, meaning it would be a high priority for removal/improved passage, based solely on this metric. Used internally in the prioritization.</attrdef>
      </attr>
      <attr>
        <attrlabl>TierAnadromous</attrlabl>
		<attrdef>The FinalRank attribute binned into 5% Tiers for the diadromous fish scenario.  Low values are the higher ranks, meaning they are higher priorities for removal / improved passage for the given prioritization.</attrdef>
      </attr>
      <attr>
        <attrlabl>TierBKT</attrlabl>
		<attrdef>The FinalRank attribute binned into 5% Tiers for the brook trout scenario.  Low values are the higher ranks, meaning they are higher priorities for removal / improved passage for the given prioritization.</attrdef>
      </attr>
    </detailed>
  </eainfo>
  <metainfo>
    <metd>20180321</metd>
    <metstdn>FGDC Content Standard for Digital Geospatial Metadata</metstdn>
    <metstdv>FGDC-STD-001-1998</metstdv>
    <mettc>local time</mettc>
  </metainfo>
</metadata>